order_id,order_item_id,product_id,seller_id,shipping_limit_date,price,freight_value,customer_id,order_status,order_purchase_timestamp,order_approved_at,order_delivered_carrier_date,order_delivered_customer_date,order_estimated_delivery_date,product_category_name,product_name_lenght,product_description_lenght,product_photos_qty,product_weight_g,product_length_cm,product_height_cm,product_width_cm,customer_unique_id,customer_zip_code_prefix,customer_city,customer_state
00010242fe8c5a6d1ba2dd792cb16214,1,4244733e06e7ecb4970a6e2683c13e61,48436dade18ac8b2bce089ec2a041202,2017-09-19 09:45:35,58.9,13.29,3ce436f183e68e07877b285a838db11a,delivered,2017-09-13 08:59:02,2017-09-13 09:45:35,2017-09-19 18:34:16,2017-09-20 23:43:48,2017-09-29 00:00:00,cool_stuff,58.0,598.0,4.0,650.0,28.0,9.0,14.0,871766c5855e863f6eccc05f988b23cb,28013,campos dos goytacazes,RJ
00018f77f2f0320c557190d7a144bdd3,1,e5f2d52b802189ee658865ca93d83a8f,dd7ddc04e1b6c2c614352b383efe2d36,2017-05-03 11:05:13,239.9,19.93,f6dd3ec061db4e3987629fe6b26e5cce,delivered,2017-04-26 10:53:06,2017-04-26 11:05:13,2017-05-04 14:35:00,2017-05-12 16:04:24,2017-05-15 00:00:00,pet_shop,56.0,239.0,2.0,30000.0,50.0,30.0,40.0,eb28e67c4c0b83846050ddfb8a35d051,15775,santa fe do sul,SP
000229ec398224ef6ca0657da4fc703e,1,c777355d18b72b67abbeef9df44fd0fd,5b51032eddd242adc84c38acab88f23d,2018-01-18 14:48:30,199.0,17.87,6489ae5e4333f3693df5ad4372dab6d3,delivered,2018-01-14 14:33:31,2018-01-14 14:48:30,2018-01-16 12:36:48,2018-01-22 13:19:16,2018-02-05 00:00:00,moveis_decoracao,59.0,695.0,2.0,3050.0,33.0,13.0,33.0,3818d81c6709e39d06b2738a8d3a2474,35661,para de minas,MG
00024acbcdf0a6daa1e931b038114c75,1,7634da152a4610f1595efa32f14722fc,9d7a1d34a5052409006425275ba1c2b4,2018-08-15 10:10:18,12.99,12.79,d4eb9395c8c0431ee92fce09860c5a06,delivered,2018-08-08 10:00:35,2018-08-08 10:10:18,2018-08-10 13:28:00,2018-08-14 13:32:39,2018-08-20 00:00:00,perfumaria,42.0,480.0,1.0,200.0,16.0,10.0,15.0,af861d436cfc08b2c2ddefd0ba074622,12952,atibaia,SP
00042b26cf59d7ce69dfabb4e55b4fd9,1,ac6c3623068f30de03045865e4e10089,df560393f3a51e74553ab94004ba5c87,2017-02-13 13:57:51,199.9,18.14,58dbd0b2d70206bf40e62cd34e84d795,delivered,2017-02-04 13:57:51,2017-02-04 14:10:13,2017-02-16 09:46:09,2017-03-01 16:42:31,2017-03-17 00:00:00,ferramentas_jardim,59.0,409.0,1.0,3750.0,35.0,40.0,30.0,64b576fb70d441e8f1b2d7d446e483c5,13226,varzea paulista,SP
00048cc3ae777c65dbb7d2a0634bc1ea,1,ef92defde845ab8450f9d70c526ef70f,6426d21aca402a131fc0a5d0960a3c90,2017-05-23 03:55:27,21.9,12.69,816cbea969fe5b689b39cfc97a506742,delivered,2017-05-15 21:42:34,2017-05-17 03:55:27,2017-05-17 11:05:55,2017-05-22 13:44:35,2017-06-06 00:00:00,utilidades_domesticas,36.0,558.0,1.0,450.0,24.0,8.0,15.0,85c835d128beae5b4ce8602c491bf385,38017,uberaba,MG
00054e8431b9d7675808bcb819fb4a32,1,8d4f2bb7e93e6710a28f34fa83ee7d28,7040e82f899a04d1b434b795a43b4617,2017-12-14 12:10:31,19.9,11.85,32e2e6ab09e778d99bf2e0ecd4898718,delivered,2017-12-10 11:53:48,2017-12-10 12:10:31,2017-12-12 01:07:48,2017-12-18 22:03:38,2018-01-04 00:00:00,telefonia,52.0,815.0,1.0,200.0,27.0,5.0,20.0,635d9ac1680f03288e72ada3a1035803,16700,guararapes,SP
000576fe39319847cbb9d288c5617fa6,1,557d850972a7d6f792fd18ae1400d9b6,5996cddab893a4652a15592fb58ab8db,2018-07-10 12:30:45,810.0,70.75,9ed5e522dd9dd85b4af4a077526d8117,delivered,2018-07-04 12:08:27,2018-07-05 16:35:48,2018-07-05 12:15:00,2018-07-09 14:04:07,2018-07-25 00:00:00,ferramentas_jardim,39.0,1310.0,3.0,13805.0,35.0,75.0,45.0,fda4476abb6307ab3c415b7e6d026526,11702,praia grande,SP
0005a1a1728c9d785b8e2b08b904576c,1,310ae3c140ff94b03219ad0adc3c778f,a416b6a846a11724393025641d4edd5e,2018-03-26 18:31:29,145.95,11.65,16150771dfd4776261284213b89c304e,delivered,2018-03-19 18:40:33,2018-03-20 18:35:21,2018-03-28 00:37:42,2018-03-29 18:17:31,2018-03-29 00:00:00,beleza_saude,59.0,493.0,1.0,2000.0,30.0,12.0,16.0,639d23421f5517f69d0c3d6e6564cf0e,11075,santos,SP
0005f50442cb953dcd1d21e1fb923495,1,4535b0e1091c278dfd193e5a1d63b39f,ba143b05f0110f0dc71ad71b4466ce92,2018-07-06 14:10:56,53.99,11.4,351d3cb2cee3c7fd0af6616c82df21d3,delivered,2018-07-02 13:59:39,2018-07-02 14:10:56,2018-07-03 14:25:00,2018-07-04 17:28:31,2018-07-23 00:00:00,livros_tecnicos,52.0,1192.0,1.0,850.0,29.0,3.0,21.0,0782c41380992a5a533489063df0eef6,6636,jandira,SP
00061f2a7bc09da83e415a52dc8a4af1,1,d63c1011f49d98b976c352955b1c4bea,cc419e0650a3c5ba77189a1882b7556a,2018-03-29 22:28:09,59.99,8.88,c6fc061d86fab1e2b2eac259bac71a49,delivered,2018-03-24 22:16:10,2018-03-24 22:28:09,2018-03-27 05:26:55,2018-03-29 00:04:19,2018-04-09 00:00:00,beleza_saude,57.0,614.0,1.0,950.0,35.0,25.0,20.0,107e6259485efac66428a56f10801f4f,13419,piracicaba,SP
00063b381e2406b52ad429470734ebd5,1,f177554ea93259a5b282f24e33f65ab6,8602a61d680a10a82cceeeda0d99ea3d,2018-07-31 17:30:39,45.0,12.98,6a899e55865de6549a58d2c6845e5604,delivered,2018-07-27 17:21:27,2018-07-27 18:00:06,2018-07-30 14:52:00,2018-08-07 13:56:52,2018-08-07 00:00:00,fashion_bolsas_e_acessorios,35.0,60.0,1.0,200.0,16.0,16.0,11.0,3fb97204945ca0c01bcf3eee6031c5f1,15910,monte alto,SP
0006ec9db01a64e59a68b2c340bf65a7,1,99a4788cb24856965c36a24e339b6058,4a3ca9315b744ce9f8e9374361493884,2018-07-26 17:24:20,74.0,23.32,5d178120c29c61748ea95bac23cb8f25,delivered,2018-07-24 17:04:17,2018-07-24 17:24:20,2018-07-25 11:02:00,2018-07-31 01:04:15,2018-08-22 00:00:00,cama_mesa_banho,54.0,245.0,1.0,1383.0,50.0,10.0,40.0,7ed0ea20347f67fe61d1c99fdf8556ae,21810,rio de janeiro,RJ
0008288aa423d2a3f00fcb17cd7d8719,1,368c6c730842d78016ad823897a372db,1f50f920176fa81dab994f9023523100,2018-02-21 02:55:52,49.9,13.37,2355af7c75e7c98b43a87b2a7f210dc5,delivered,2018-02-13 22:10:21,2018-02-15 03:55:52,2018-02-20 18:23:28,2018-02-26 13:55:22,2018-03-06 00:00:00,ferramentas_jardim,57.0,366.0,2.0,1650.0,30.0,22.0,30.0,9e4159995424971423b98c4a8bc11529,6600,jandira,SP
0008288aa423d2a3f00fcb17cd7d8719,2,368c6c730842d78016ad823897a372db,1f50f920176fa81dab994f9023523100,2018-02-21 02:55:52,49.9,13.37,2355af7c75e7c98b43a87b2a7f210dc5,delivered,2018-02-13 22:10:21,2018-02-15 03:55:52,2018-02-20 18:23:28,2018-02-26 13:55:22,2018-03-06 00:00:00,ferramentas_jardim,57.0,366.0,2.0,1650.0,30.0,22.0,30.0,9e4159995424971423b98c4a8bc11529,6600,jandira,SP
0009792311464db532ff765bf7b182ae,1,8cab8abac59158715e0d70a36c807415,530ec6109d11eaaf87999465c6afee01,2018-08-17 12:15:10,99.9,27.65,2a30c97668e81df7c17a8b14447aeeba,delivered,2018-08-14 20:43:09,2018-08-15 12:15:10,2018-08-15 15:28:00,2018-08-22 12:02:27,2018-08-28 00:00:00,esporte_lazer,56.0,1392.0,4.0,1050.0,40.0,20.0,30.0,4987996ddcd0ddb20740fdce7c2bfbb1,37137,alfenas,MG
0009c9a17f916a706d71784483a5d643,1,3f27ac8e699df3d300ec4a5d8c5cf0b2,fcb5ace8bcc92f75707dc0f01a27d269,2018-05-02 09:31:53,639.0,11.34,8a250edc40ebc5c3940ebc940f16a7eb,delivered,2018-04-25 09:10:41,2018-04-25 09:33:19,2018-04-27 15:14:00,2018-04-30 17:54:25,2018-05-09 00:00:00,consoles_games,37.0,1172.0,2.0,200.0,16.0,5.0,12.0,6062db572f3ef38b7a8ff4307abbfad3,13044,campinas,SP
000aed2e25dbad2f9ddb70584c5a2ded,1,4fa33915031a8cde03dd0d3e8fb27f01,fe2032dab1a61af8794248c8196565c9,2018-05-16 20:57:03,144.0,8.77,fff5169e583fd07fac9fec88962f189d,delivered,2018-05-11 20:33:38,2018-05-11 20:57:03,2018-05-16 14:26:00,2018-05-18 16:46:31,2018-05-22 00:00:00,perfumaria,43.0,116.0,1.0,468.0,23.0,18.0,19.0,6457be0b331148fb5454efc88d1e03d9,13458,santa barbara d'oeste,SP
000c3e6612759851cc3cbb4b83257986,1,b50c950aba0dcead2c48032a690ce817,218d46b86c1881d022bce9c68a7d4b15,2017-08-21 03:33:13,99.0,13.71,3773bcf1a6fbd29233ea1c1b573c4f22,delivered,2017-08-12 10:08:57,2017-08-15 03:35:32,2017-08-15 15:32:51,2017-08-19 15:22:17,2017-09-01 00:00:00,esporte_lazer,58.0,2584.0,1.0,1800.0,16.0,16.0,16.0,f5f088001070650f9e9a8cd773621f35,13208,jundiai,SP
000e562887b1f2006d75e0be9558292e,1,5ed9eaf534f6936b51d0b6c5e4d5c2e9,8cbac7e12637ed9cffa18c7875207478,2018-02-28 12:08:37,25.0,16.11,2b01d668726fb0b751c55918c0437b7b,delivered,2018-02-22 11:54:42,2018-02-22 12:08:37,2018-02-26 14:18:32,2018-03-12 18:46:34,2018-03-19 00:00:00,cool_stuff,51.0,693.0,3.0,600.0,20.0,20.0,21.0,b2c72d1e9f6430603b8337d8f1394a99,11533,cubatao,SP
000e63d38ae8c00bbcb5a30573b99628,1,553e0e7590d3116a072507a3635d2877,1c129092bf23f28a5930387c980c0dfc,2018-03-29 20:07:49,47.9,8.88,98884e672c5ba85f4394f2044e1a3eab,delivered,2018-03-23 19:48:26,2018-03-23 20:07:49,2018-03-26 21:38:48,2018-03-27 14:51:47,2018-04-05 00:00:00,cama_mesa_banho,38.0,735.0,5.0,800.0,20.0,20.0,20.0,860fc00d3154ce2346c43ebe47b9b6ce,4679,sao paulo,SP
000e906b789b55f64edcb1f84030f90d,1,57d79905de06d8897872c551bfd09358,ea8482cd71df3c1969d7b9473ff13abc,2017-11-27 19:09:02,21.99,11.85,6a3b2fc9f270df258605e22bef19fd88,delivered,2017-11-21 18:54:23,2017-11-21 19:09:02,2017-11-22 20:46:54,2017-12-09 17:27:23,2017-12-07 00:00:00,telefonia,59.0,540.0,4.0,300.0,17.0,4.0,12.0,3588484a539617d91500764822230fb6,18900,santa cruz do rio pardo,SP
000f25f4d72195062c040b12dce9a18a,1,1c05e0964302b6cf68ca0d15f326c6ba,7c67e1448b00f6e969d365cea6b010ab,2018-03-21 11:10:11,119.99,44.4,86ade8ebc14f18dd6c3ea75bd0eb7534,delivered,2018-03-07 10:33:13,2018-03-07 11:10:11,2018-03-16 15:58:31,2018-03-22 16:51:52,2018-04-11 00:00:00,moveis_escritorio,46.0,1159.0,1.0,9375.0,55.0,54.0,19.0,1a6cbc34ea404cb0af7ed74df0999354,27213,volta redonda,RJ
001021efaa8636c29475e7734483457d,1,5d7c23067ed3fc8c6e699b9373d5890b,6560211a19b47992c3666cc44a7e94c0,2018-03-05 09:35:41,49.0,15.1,2dfbf74859104caf100df3720a1d833d,delivered,2018-02-27 09:27:14,2018-02-27 09:35:41,2018-02-27 21:43:46,2018-03-08 20:06:33,2018-03-23 00:00:00,fashion_bolsas_e_acessorios,54.0,151.0,3.0,250.0,16.0,2.0,20.0,2193383c470dc9cec894ce78afd0ebd6,86870,ivaipora,PR
0010b2e5201cc5f1ae7e9c6cc8f5bd00,1,5a419dbf24a8c9718fe522b81c69f61a,3504c0cb71d7fa48d967e0e4c94d59d9,2017-09-15 18:04:37,48.9,16.6,57ef317d4818cb42680fc9dfd13867ce,delivered,2017-09-11 17:39:33,2017-09-11 18:04:37,2017-09-12 17:02:57,2017-09-23 13:21:21,2017-09-27 00:00:00,cool_stuff,53.0,537.0,2.0,1800.0,34.0,5.0,34.0,e883f26917e2095c439f70c2cf8c914b,22461,rio de janeiro,RJ
00119ff934e539cf26f92b9ef0cdfed8,1,21b1c2f67a9aafb5af0eb06c13b9dbda,c864036feaab8c1659f65ea4faebe1da,2017-08-11 00:35:12,219.9,16.98,7dd2e283f47deac853cf70f3b63c8d86,delivered,2017-08-06 00:42:49,2017-08-07 00:35:12,2017-08-07 21:12:34,2017-08-16 17:29:59,2017-08-31 00:00:00,esporte_lazer,35.0,1132.0,8.0,9800.0,105.0,15.0,28.0,13df7b623839b4edc579ee40279d57c8,26263,nova iguacu,RJ
0011d82c4b53e22e84023405fb467e57,1,c389f712c4b4510bc997cee93e8b1a28,bfd27a966d91cfaafdb25d076585f0da,2018-01-29 21:51:25,289.0,26.33,2013d892495e1a101d742d533d2d1119,delivered,2018-01-16 21:43:23,2018-01-16 21:51:25,2018-01-23 22:08:06,2018-01-26 22:14:02,2018-02-15 00:00:00,malas_acessorios,41.0,500.0,1.0,2965.0,41.0,27.0,34.0,02daaa0e021d624d1784c4ea5cc84ace,1033,sao paulo,SP
00125cb692d04887809806618a2a145f,1,1c0c0093a48f13ba70d0c6b0a9157cb7,41b39e28db005d9731d9d485a83b4c38,2017-03-29 13:05:42,109.9,25.51,8afb90a97ee661103014329b1bcea1a2,delivered,2017-03-23 12:21:17,2017-03-23 13:05:42,2017-03-27 08:58:04,2017-04-07 15:32:47,2017-04-20 00:00:00,moveis_decoracao,49.0,300.0,1.0,2500.0,47.0,21.0,41.0,7ac26eac431c6848694a2de6f0327524,75123,anapolis,GO
00130c0eee84a3d909e75bc08c5c3ca1,1,89321f94e35fc6d7903d36f74e351d40,16090f2ca825584b5a147ab24aa30c86,2018-06-14 05:16:24,27.9,7.94,47d656c08a282ec5ab4c1f18303a3a30,delivered,2018-06-11 21:17:00,2018-06-12 05:16:24,2018-06-12 14:22:00,2018-06-13 15:28:25,2018-06-20 00:00:00,alimentos,59.0,982.0,1.0,150.0,17.0,13.0,13.0,b5910f24d2483d697b37e3857b621061,9820,sao bernardo do campo,SP
0013503b13da1eac686219390b7d641b,1,38afdf723b95d455b418a0f57d623c6b,1554a68530182680ad5c8b042c3ab563,2017-12-13 03:16:36,119.9,17.32,f7277fce45fad3165379c15cacf5ddbe,delivered,2017-12-05 23:40:59,2017-12-07 03:16:36,2017-12-07 22:59:30,2017-12-20 22:46:28,2017-12-28 00:00:00,moveis_decoracao,38.0,479.0,3.0,2500.0,34.0,6.0,28.0,1544f85dff3797491b60f2a5241d14c1,6160,osasco,SP
00137e170939bba5a3134e2386413108,1,672e757f331900b9deea127a2a7b79fd,e59aa562b9f8076dd550fcddf0e73491,2017-11-30 06:30:55,397.0,24.65,7b63cba66b8e6d002e94d0990c1e2868,delivered,2017-11-24 16:50:38,2017-11-25 06:30:55,2017-11-28 19:43:52,2017-12-11 19:12:55,2017-12-18 00:00:00,agro_industria_e_comercio,39.0,383.0,1.0,2650.0,30.0,30.0,20.0,38c3bc2d6df03905e3e8d3d5b079acf4,22790,rio de janeiro,RJ
001427c0ec99cf8af737bd88e92fd444,1,28b4eced95a52d9c437a4caf9d311b95,77530e9772f57a62c906e1c21538ab82,2018-04-12 19:08:28,59.9,23.35,eab9c552374be06ed15923016dc9e588,delivered,2018-04-07 18:51:22,2018-04-07 19:08:28,2018-04-09 23:29:32,2018-04-25 23:38:41,2018-05-10 00:00:00,moveis_decoracao,60.0,1953.0,1.0,750.0,69.0,11.0,11.0,2ada69d1c5528233e3d9aa3f1d8da1b1,38304,ituiutaba,MG
00143d0f86d6fbd9f9b38ab440ac16f5,1,e95ee6822b66ac6058e2e4aff656071a,a17f621c590ea0fab3d5d883e1630ec6,2017-10-20 16:07:52,21.33,15.1,2e45292979b9b2700ea09560eeb0f803,delivered,2017-10-16 15:29:43,2017-10-16 16:07:52,2017-10-16 23:04:43,2017-10-27 18:43:56,2017-11-06 00:00:00,esporte_lazer,52.0,1153.0,1.0,180.0,17.0,11.0,14.0,bb8a37225e0279ac8a274c9765617eaf,74663,goiania,GO
00143d0f86d6fbd9f9b38ab440ac16f5,2,e95ee6822b66ac6058e2e4aff656071a,a17f621c590ea0fab3d5d883e1630ec6,2017-10-20 16:07:52,21.33,15.1,2e45292979b9b2700ea09560eeb0f803,delivered,2017-10-16 15:29:43,2017-10-16 16:07:52,2017-10-16 23:04:43,2017-10-27 18:43:56,2017-11-06 00:00:00,esporte_lazer,52.0,1153.0,1.0,180.0,17.0,11.0,14.0,bb8a37225e0279ac8a274c9765617eaf,74663,goiania,GO
00143d0f86d6fbd9f9b38ab440ac16f5,3,e95ee6822b66ac6058e2e4aff656071a,a17f621c590ea0fab3d5d883e1630ec6,2017-10-20 16:07:52,21.33,15.1,2e45292979b9b2700ea09560eeb0f803,delivered,2017-10-16 15:29:43,2017-10-16 16:07:52,2017-10-16 23:04:43,2017-10-27 18:43:56,2017-11-06 00:00:00,esporte_lazer,52.0,1153.0,1.0,180.0,17.0,11.0,14.0,bb8a37225e0279ac8a274c9765617eaf,74663,goiania,GO
0014ae671de39511f7575066200733b7,1,23365beed316535b4105bd800c46670e,92eb0f42c21942b6552362b9b114707d,2017-05-29 03:15:24,16.5,14.1,41065d9dcea52218c3943d2eed072b97,delivered,2017-05-22 13:49:03,2017-05-23 03:15:24,2017-05-29 09:04:02,2017-06-07 13:52:52,2017-06-13 00:00:00,telefonia,56.0,351.0,1.0,350.0,19.0,4.0,11.0,8e5a8d9363eb6296154b65750c8702ca,83325,pinhais,PR
0015ebb40fb17286bea51d4607c4733c,1,50fd2b788dc166edd20512370dac54df,8b321bb669392f5163d04c59e235e066,2018-01-18 09:11:24,21.9,15.1,da43a556bf5c36a1104c473cff77de6c,delivered,2018-01-14 09:01:36,2018-01-14 09:11:24,2018-01-17 22:56:36,2018-02-01 20:29:51,2018-02-15 00:00:00,eletronicos,46.0,2285.0,1.0,150.0,30.0,10.0,20.0,2e0daa38f7fd081ddcda32d972e5ec50,85948,pato bragado,PR
00169e31ef4b29deaae414f9a5e95929,1,b10eba910a974df70b8a12d0665cdb9e,a3e9a2c700480d9bb01fba070ba80a0e,2018-01-23 03:35:47,39.0,16.11,efb3830adb68fb8a89c948774388ec28,delivered,2018-01-16 09:26:39,2018-01-17 03:35:47,2018-01-17 16:46:04,2018-01-23 20:19:04,2018-02-07 00:00:00,cama_mesa_banho,46.0,246.0,1.0,550.0,51.0,4.0,41.0,577edb526f98771b20d6db4a51d79423,22775,rio de janeiro,RJ
0016dfedd97fc2950e388d2971d718c7,1,4089861a1bd4685da70bddd6b4f974f1,a35124e2d763d7ca3fbe3b97d143200f,2017-05-05 10:05:12,49.75,20.8,2c8b917c5d7dd720ebe36a5ed3b501ec,delivered,2017-04-28 19:54:40,2017-04-29 10:05:12,2017-05-16 08:40:49,2017-05-22 18:32:21,2017-06-01 00:00:00,ferramentas_jardim,44.0,152.0,1.0,1500.0,27.0,6.0,23.0,33febb33a42a35f5826a22584b127f9d,45860,canavieiras,BA
0017afd5076e074a48f1f1a4c7bac9c5,1,fe59a1e006df3ac42bf0ceb876d70969,25c5c91f63607446a97b143d2d535d31,2017-04-24 22:25:19,809.1,44.29,8085a9af46f619bc25966f151a362b0d,delivered,2017-04-06 22:16:10,2017-04-06 22:25:19,2017-04-17 13:54:37,2017-05-23 08:32:07,2017-05-19 00:00:00,informatica_acessorios,60.0,2136.0,1.0,3407.0,28.0,22.0,23.0,98758d88bf4b8eef1372ddee45d63178,57250,campo alegre,AL
001862358bf858722e1e2ae000cfed8b,1,c6dd917a0be2a704582055949915ab32,7a67c85e85bb2ce8582c35f2203ad736,2018-02-13 19:10:37,99.99,13.72,2cf869dd40c98f29686f636d83545cce,delivered,2018-02-06 19:11:57,2018-02-07 19:10:37,2018-02-08 17:44:13,2018-02-15 22:57:01,2018-03-02 00:00:00,cool_stuff,54.0,1012.0,1.0,1200.0,42.0,25.0,15.0,eb2568a7ba9b2ca9bf1f818a8dea82ce,12530,cunha,SP
0019c29108428acffd089c36103c9440,1,28b4eced95a52d9c437a4caf9d311b95,77530e9772f57a62c906e1c21538ab82,2018-03-12 06:50:26,59.9,19.95,5f6bbac628ae418db4e0f92932f899c1,delivered,2018-03-06 06:40:28,2018-03-06 06:50:26,2018-03-07 01:20:05,2018-03-16 22:34:53,2018-04-11 00:00:00,moveis_decoracao,60.0,1953.0,1.0,750.0,69.0,11.0,11.0,d02e64b28b7c386aab81bb6ce148799a,37580,monte siao,MG
001ab0a7578dd66cd4b0a71f5b6e1e41,1,0b0172eb0fd18479d29c3bc122c058c2,5656537e588803a555b8eb41f07a944b,2018-01-04 02:33:42,24.89,17.63,8bb3bef4e75a95524235cdc11a7331af,delivered,2017-12-27 00:38:47,2017-12-28 02:33:42,2017-12-28 18:09:35,2018-01-17 20:43:29,2018-01-29 00:00:00,eletronicos,53.0,265.0,2.0,150.0,22.0,13.0,15.0,d1f24d1d504e27bee13b415e40daeab0,40055,salvador,BA
001ab0a7578dd66cd4b0a71f5b6e1e41,2,0b0172eb0fd18479d29c3bc122c058c2,5656537e588803a555b8eb41f07a944b,2018-01-04 02:33:42,24.89,17.63,8bb3bef4e75a95524235cdc11a7331af,delivered,2017-12-27 00:38:47,2017-12-28 02:33:42,2017-12-28 18:09:35,2018-01-17 20:43:29,2018-01-29 00:00:00,eletronicos,53.0,265.0,2.0,150.0,22.0,13.0,15.0,d1f24d1d504e27bee13b415e40daeab0,40055,salvador,BA
001ab0a7578dd66cd4b0a71f5b6e1e41,3,0b0172eb0fd18479d29c3bc122c058c2,5656537e588803a555b8eb41f07a944b,2018-01-04 02:33:42,24.89,17.63,8bb3bef4e75a95524235cdc11a7331af,delivered,2017-12-27 00:38:47,2017-12-28 02:33:42,2017-12-28 18:09:35,2018-01-17 20:43:29,2018-01-29 00:00:00,eletronicos,53.0,265.0,2.0,150.0,22.0,13.0,15.0,d1f24d1d504e27bee13b415e40daeab0,40055,salvador,BA
001ac194d4a326a6fa99b581e9a3d963,1,dbaee28f4ee64465838a229582d77520,ffc470761de7d0232558ba5e786e57b7,2018-07-10 02:51:10,54.0,8.54,f4f17ada91ef010cbde3892ae54e625f,delivered,2018-07-04 11:39:11,2018-07-06 02:51:10,2018-07-06 08:58:00,2018-07-12 17:48:49,2018-07-17 00:00:00,construcao_ferramentas_construcao,58.0,1178.0,2.0,418.0,19.0,6.0,13.0,3d01f9412759a6a68f249b76eca0de78,11500,cubatao,SP
001b76dd48a5b1eee3e87778daa40df8,1,dbb67791e405873b259e4656bf971246,9c0e69c7bf2619675bbadf47b43f655a,2018-04-02 17:50:17,81.99,13.01,a62843b08086d1629415a203a7fd419d,delivered,2018-03-26 17:42:53,2018-03-26 17:50:17,2018-03-29 23:32:44,2018-04-06 18:36:23,2018-04-27 00:00:00,informatica_acessorios,32.0,321.0,1.0,207.0,17.0,12.0,13.0,b32ff8caad5902c55fa167e7dc77cc69,15768,santa salete,SP
001c85b5f68d2be0cb0797afc9e8ce9a,1,84f456958365164420cfc80fbe4c7fab,4a3ca9315b744ce9f8e9374361493884,2017-11-29 22:38:47,99.0,13.71,48ed31e735f1c420ed6ca3637b7c744d,delivered,2017-11-24 19:19:18,2017-11-24 22:38:47,2017-11-27 12:42:15,2017-12-22 18:37:40,2017-12-14 00:00:00,cama_mesa_banho,55.0,312.0,1.0,1550.0,44.0,14.0,34.0,55a269f324455e78349e7b9b7e7e5911,8072,sao paulo,SP
001d8f0e34a38c37f7dba2a37d4eba8b,1,e67307ff0f15ade43fcb6e670be7a74c,f4aba7c0bca51484c30ab7bdc34bcdd1,2017-05-18 17:35:11,18.99,7.78,d987da9fb4086ab7c2c0f83963cd6722,delivered,2017-05-14 17:19:44,2017-05-14 17:35:11,2017-05-24 15:45:01,2017-05-26 13:14:50,2017-05-24 00:00:00,beleza_saude,47.0,1474.0,3.0,150.0,43.0,13.0,14.0,870a0bdc769f9a7870309036740e79ea,2929,sao paulo,SP
001d8f0e34a38c37f7dba2a37d4eba8b,2,e67307ff0f15ade43fcb6e670be7a74c,f4aba7c0bca51484c30ab7bdc34bcdd1,2017-05-18 17:35:11,18.99,7.78,d987da9fb4086ab7c2c0f83963cd6722,delivered,2017-05-14 17:19:44,2017-05-14 17:35:11,2017-05-24 15:45:01,2017-05-26 13:14:50,2017-05-24 00:00:00,beleza_saude,47.0,1474.0,3.0,150.0,43.0,13.0,14.0,870a0bdc769f9a7870309036740e79ea,2929,sao paulo,SP

